adm2_code,adm2_name,adm1_code,adm1_name,area_km2,zone_px
17209,Arizona,1420,Atlantida,492.39,521
17210,El Porvenir,1420,Atlantida,295.27,310
17211,Esparta,1420,Atlantida,479.67,508
17212,La Ceiba,1420,Atlantida,661.36,704
17213,La Masica,1420,Atlantida,471.21,498
17214,San Francisco,1420,Atlantida,285.1,302
17215,Tela,1420,Atlantida,1185.15,1251
17216,Apacilagua,1421,Choluteca,215.18,223
17217,Choluteca,1421,Choluteca,1093.34,1140
17218,Concepcion De Maria,1421,Choluteca,161.66,169
17219,Duyure,1421,Choluteca,105.08,113
17220,El Corpus,1421,Choluteca,237.83,247
17221,El Triunfo,1421,Choluteca,299.2,312
17222,Marcovia,1421,Choluteca,499.67,523
17223,Morolica,1421,Choluteca,275.02,289
17224,Namasigue,1421,Choluteca,208.24,222
17225,Orocuina,1421,Choluteca,118.32,128
17226,Pespire,1421,Choluteca,340.3,357
17227,San Antonio De Flores,1421,Choluteca,51.76,56
17228,San Isidro,1421,Choluteca,66.71,71
17229,San Jose,1421,Choluteca,64.23,65
17230,San Marcos De Colon,1421,Choluteca,609.74,642
17231,Santa Ana De Yusguare,1421,Choluteca,74.31,80
17232,Balfate,1422,Colon,939.55,996
17233,Bonito Oriental,1422,Colon,514.12,543
17234,Iriona,1422,Colon,3917.01,4149
17235,Limon,1422,Colon,632.29,675
17236,Saba,1422,Colon,363.85,380
17237,Santa Fe,1422,Colon,188.43,198
17238,Santa Rosa De Aguan,1422,Colon,129.51,138
17239,Sonaguera,1422,Colon,446.81,475
17240,Tocoa,1422,Colon,895.04,948
17241,Trujillo,1422,Colon,928.53,978
17242,Ajuterique,1423,Comayagua,58.95,64
17243,Comayagua,1423,Comayagua,791.44,835
17244,El Rosario,1423,Comayagua,274.57,285
17245,Esquias,1423,Comayagua,369.31,391
17246,Humuya,1423,Comayagua,48.68,52
17247,La Libertad,1423,Comayagua,300.82,323
17248,La Trinidad,1423,Comayagua,90.7,96
17249,Lamani,1423,Comayagua,306.66,319
17250,Las Lajas,1423,Comayagua,155.76,161
17251,Lejamani,1423,Comayagua,20.09,20
17252,Meambar,1423,Comayagua,412.22,435
17253,Minas De Oro,1423,Comayagua,376.02,398
17254,Ojo De Agua,1423,Comayagua,88.06,90
17255,San Jeronimo,1423,Comayagua,214.41,225
17256,San Jose De Comayagua,1423,Comayagua,85.68,89
17257,San Jose Del Potrero,1423,Comayagua,192.95,204
17258,San Luis,1423,Comayagua,119.29,125
17259,San Sebastian,1423,Comayagua,88.3,92
17260,Siguatepeque,1423,Comayagua,377.49,396
17261,Taulabe,1423,Comayagua,219.18,232
17262,Villa De San Antonio,1423,Comayagua,335.56,354
17263,Cabanas,1424,Copan,135.25,145
17264,Concepcion,1424,Copan,74.11,80
17265,Copan Ruinas,1424,Copan,398.65,423
17266,Corquin,1424,Copan,137.44,145
17267,Cucuyagua,1424,Copan,135.25,148
17268,Dolores,1424,Copan,47.26,51
17269,Dulce Nombre,1424,Copan,32.18,31
17270,El Paraiso,1424,Copan,266.19,280
17271,Florida,1424,Copan,359.94,382
17272,La Jigua,1424,Copan,115.83,126
17273,La Union,1424,Copan,231.78,239
17274,Nueva Arcadia,1424,Copan,155.91,164
17275,San Agustin,1424,Copan,62.21,67
17276,San Antonio,1424,Copan,125.91,130
17277,San Jeronimo,1424,Copan,73.4,75
17278,San Jose,1424,Copan,62.04,65
17279,San Juan De Opoa,1424,Copan,74.69,77
17280,San Nicolas,1424,Copan,78.99,80
17281,San Pedro,1424,Copan,61.68,63
17282,Santa Rita,1424,Copan,306.83,325
17283,Santa Rosa De Copan,1424,Copan,296.87,315
17284,Trinidad,1424,Copan,77.17,86
17285,Veracruz,1424,Copan,33.92,33
17286,Choloma,1425,Cortes,433.56,457
17287,La Lima,1425,Cortes,129.4,137
17288,Omoa,1425,Cortes,396.57,418
17289,Pimienta,1425,Cortes,58.58,62
17290,Potrerillos,1425,Cortes,91.33,95
17291,Puerto Cortes,1425,Cortes,355.81,377
17292,San Antonio De Cortes,1425,Cortes,219.98,234
17293,San Francisco  De Yojoa,1425,Cortes,85.31,92
17294,San Manuel,1425,Cortes,134.49,148
17295,San Pedro Sula,1425,Cortes,913.47,967
17296,Santa Cruz De Yojoa,1425,Cortes,779.14,822
17297,Villanueva,1425,Cortes,347.72,367
17298,Alubaren,1426,Francisco Morazan,46.13,46
17299,Cedros,1426,Francisco Morazan,787.88,828
17300,Curaren,1426,Francisco Morazan,302.41,317
17301,Distrito Central,1426,Francisco Morazan,1477.73,1555
17302,El Porvenir,1426,Francisco Morazan,413.5,434
17303,Guaimaca,1426,Francisco Morazan,784.88,827
17304,La Libertad,1426,Francisco Morazan,36.33,39
17305,La Venta,1426,Francisco Morazan,123.47,131
17306,Lepaterique,1426,Francisco Morazan,557.36,585
17307,Maraita,1426,Francisco Morazan,258.57,269
17308,Marale,1426,Francisco Morazan,470.24,497
17309,Nueva Armenia,1426,Francisco Morazan,173.25,182
17310,Ojojona,1426,Francisco Morazan,257.9,268
17311,Orica,1426,Francisco Morazan,339.23,360
17312,Reitoca,1426,Francisco Morazan,192.21,204
17313,Sabanagrande,1426,Francisco Morazan,247.08,257
17314,San Antonio De Oriente,1426,Francisco Morazan,211.09,222
17315,San Buenaventura,1426,Francisco Morazan,67.21,72
17316,San Ignacio,1426,Francisco Morazan,337.45,355
17317,San Juan De Flores,1426,Francisco Morazan,390.96,412
17318,San Miguelito,1426,Francisco Morazan,42.5,45
17319,Santa  Ana,1426,Francisco Morazan,20.08,19
17320,Santa Ana,1426,Francisco Morazan,64.51,67
17321,Santa Lucia,1426,Francisco Morazan,58.88,62
17322,Talanga,1426,Francisco Morazan,424.02,441
17323,Tatumbla,1426,Francisco Morazan,78.66,82
17324,Valle De Angeles,1426,Francisco Morazan,97.57,103
17325,Vallecillo,1426,Francisco Morazan,206.83,215
17326,Villa De San Francisco,1426,Francisco Morazan,88.34,94
17327,Brus Laguna,1427,Gracias A Dios,5254.21,5545
17328,Puerto Lempira,1427,Gracias A Dios,11193.64,11812
17329,Camasca,1428,Intibuca,56.09,60
17330,Colomoncagua,1428,Intibuca,169.42,176
17331,Concepcion,1428,Intibuca,84.27,88
17332,Dolores,1428,Intibuca,79.49,86
17333,Intibuca,1428,Intibuca,518.68,546
17334,Jesus De Otoro,1428,Intibuca,431.69,455
17335,La Esperanza,1428,Intibuca,147.77,159
17336,Magdalena,1428,Intibuca,37.34,42
17337,Masaguara,1428,Intibuca,249.78,264
17338,San Antonio,1428,Intibuca,91.77,96
17339,San Isidro,1428,Intibuca,87.38,90
17340,San Juan,1428,Intibuca,175.17,183
17341,San Marcos De Sierra,1428,Intibuca,142.46,152
17342,San Miguelito,1428,Intibuca,158.88,165
17343,Santa Lucia,1428,Intibuca,46.44,47
17344,Yamaranguila,1428,Intibuca,615.25,636
17345,Guanaja,1429,Islas De Bahia,55.79,59
17346,Jose Santos Guardiola,1429,Islas De Bahia,61.56,62
17347,Roatan,1429,Islas De Bahia,62.62,66
17348,Utila,1429,Islas De Bahia,40.96,42
17349,Aguanqueterique,1430,La Paz,175.85,187
17350,Cabanas,1430,La Paz,151.33,161
17351,Cane,1430,La Paz,44.78,46
17352,Chinacla,1430,La Paz,60.11,63
17353,Guajiquiro,1430,La Paz,332.58,352
17354,La Paz,1430,La Paz,218.95,234
17355,Lauterique,1430,La Paz,33.55,33
17356,Marcala,1430,La Paz,212.28,221
17357,Mercedes De Oriente,1430,La Paz,35.05,39
17358,Opatoro,1430,La Paz,229.57,240
17359,San  Antonio Del Norte,1430,La Paz,67.63,73
17360,San Jose,1430,La Paz,77.01,80
17361,San Juan,1430,La Paz,47.1,50
17362,San Pedro De Tutule,1430,La Paz,47.31,48
17363,Santa Ana,1430,La Paz,185.1,195
17364,Santa Elena,1430,La Paz,152.91,160
17365,Santa Maria,1430,La Paz,95.81,101
17366,Santiago De Puringla,1430,La Paz,139.13,145
17367,Yarula,1430,La Paz,100.09,106
17368,Belen,1431,Lempira,196.48,204
17369,Candelaria,1431,Lempira,52.43,54
17370,Cololaca,1431,Lempira,216.67,225
17371,Erandique,1431,Lempira,298.64,311
17372,Gracias,1431,Lempira,429.2,449
17373,Gualcince,1431,Lempira,165.09,175
17374,Guarita,1431,Lempira,160.96,171
17375,La Campa,1431,Lempira,205.37,217
17376,La Iguala,1431,Lempira,367.71,387
17377,La Union,1431,Lempira,90.57,94
17378,La Virtud,1431,Lempira,75.25,78
17379,Las Flores,1431,Lempira,71.07,79
17380,Lepaera,1431,Lempira,309.66,327
17381,Mapulaca,1431,Lempira,27.63,30
17382,Piraera,1431,Lempira,174.17,181
17383,San Andres,1431,Lempira,244.9,256
17384,San Francisco,1431,Lempira,143.7,153
17385,San Juan Guarita,1431,Lempira,40.29,42
17386,San Manuel Del Colohete,1431,Lempira,172.45,178
17387,San Rafael,1431,Lempira,103.69,111
17388,San Sebastian,1431,Lempira,230.21,248
17389,Santa Cruz,1431,Lempira,147.04,158
17390,Talgua,1431,Lempira,81.45,82
17391,Tambla,1431,Lempira,61.99,67
17392,Tomala,1431,Lempira,43.6,41
17393,Valladolid,1431,Lempira,67.49,73
17394,Virginia,1431,Lempira,24.04,26
17396,Belen Gualcho,1433,Ocotepeque,159.35,166
17397,Concepcion,1433,Ocotepeque,131.31,138
17398,Dolores Merendon,1433,Ocotepeque,41.63,43
17399,Fraternidad,1433,Ocotepeque,86.49,94
17400,La Encarnacion,1433,Ocotepeque,36.95,40
17401,La Labor,1433,Ocotepeque,107.64,115
17402,Lucerna,1433,Ocotepeque,119.22,124
17403,Mercedes,1433,Ocotepeque,75.05,74
17404,Nueva Ocotepeque,1433,Ocotepeque,140.56,150
17405,San Fernando,1433,Ocotepeque,59.98,61
17406,San Francisco Del Valle,1433,Ocotepeque,106.24,114
17407,San Jorge,1433,Ocotepeque,64.78,67
17408,San Marcos,1433,Ocotepeque,169.52,179
17409,Santa Fe,1433,Ocotepeque,81.94,90
17410,Sensenti,1433,Ocotepeque,117.72,122
17411,Sinuapa,1433,Ocotepeque,126.21,129
17412,Campamento,1434,Olancho,381.1,400
17413,Catacamas,1434,Olancho,8762.65,9202
17414,Concordia,1434,Olancho,237.0,250
17415,Dulce Nombre De Culmi,1434,Olancho,2937.4,3099
17416,El Rosario,1434,Olancho,138.71,146
17417,Esquipulas Del Norte,1434,Olancho,469.26,490
17418,Gualaco,1434,Olancho,2218.48,2341
17419,Guarizama,1434,Olancho,198.73,209
17420,Guata,1434,Olancho,830.87,876
17421,Guayape,1434,Olancho,416.43,433
17422,Jano,1434,Olancho,345.4,368
17423,Juticalpa,1434,Olancho,2677.96,2811
17424,La Union,1434,Olancho,556.61,588
17425,Mangulile,1434,Olancho,439.05,458
17426,Manto,1434,Olancho,533.37,565
17427,Patuca,1434,Olancho,670.09,707
17428,Salama,1434,Olancho,340.78,367
17429,San Esteban,1434,Olancho,1938.05,2049
17430,San Francisco De Becerra,1434,Olancho,298.16,317
17431,San Francisco De La Paz,1434,Olancho,506.87,533
17432,Santa Maria Del Real,1434,Olancho,231.97,249
17433,Silca,1434,Olancho,233.43,242
17434,Yocon,1434,Olancho,247.14,258
17435,Alauca,1435,Paraiso,179.54,189
17436,Danli,1435,Paraiso,2556.08,2681
17437,El Paraiso,1435,Paraiso,388.88,403
17438,Guinope,1435,Paraiso,197.46,210
17439,Jacaleapa,1435,Paraiso,109.56,119
17440,Liure,1435,Paraiso,85.02,87
17441,Moroceli,1435,Paraiso,360.03,375
17442,Oropoli,1435,Paraiso,166.48,173
17443,Potrerillos,1435,Paraiso,123.64,129
17444,San Antonio De Flores,1435,Paraiso,144.72,152
17445,San Lucas,1435,Paraiso,123.69,127
17446,San Matias,1435,Paraiso,112.45,118
17447,Soledad,1435,Paraiso,158.46,167
17448,Teupasenti,1435,Paraiso,668.04,704
17449,Texiguat,1435,Paraiso,189.3,198
17450,Vado Ancho,1435,Paraiso,64.47,68
17451,Yauyupe,1435,Paraiso,72.49,76
17452,Yuscaran,1435,Paraiso,326.09,342
17453,Arada,1436,Santa Barbara,107.64,111
17454,Atima,1436,Santa Barbara,194.64,207
17455,Azacualpa,1436,Santa Barbara,214.91,227
17456,Ceguaca,1436,Santa Barbara,52.95,55
17457,Chinda,1436,Santa Barbara,66.14,70
17458,Concepcion Del Norte,1436,Santa Barbara,140.07,145
17459,Concepcion Del Sur,1436,Santa Barbara,58.68,63
17460,El Nispero,1436,Santa Barbara,78.9,86
17461,Gualala,1436,Santa Barbara,64.1,67
17462,Ilama,1436,Santa Barbara,182.93,191
17463,Las Vegas,1436,Santa Barbara,124.71,130
17464,Macuelizo,1436,Santa Barbara,407.82,425
17465,Naranjito,1436,Santa Barbara,140.51,147
17466,Nuevo Celilac,1436,Santa Barbara,151.29,158
17467,Petoa,1436,Santa Barbara,210.89,220
17468,Proteccion,1436,Santa Barbara,154.71,166
17469,Quimistan,1436,Santa Barbara,803.18,850
17470,San Francisco De Ojuera,1436,Santa Barbara,183.46,195
17471,San Jose De Colimas,1436,Santa Barbara,228.98,242
17472,San Luis,1436,Santa Barbara,400.62,424
17473,San Marcos,1436,Santa Barbara,222.23,234
17474,San Nicolas,1436,Santa Barbara,86.61,90
17475,San Pedro Zacapa,1436,Santa Barbara,189.93,200
17476,San Vicente Centenario,1436,Santa Barbara,32.9,35
17477,Santa Barbara,1436,Santa Barbara,303.82,321
17478,Santa Rita,1436,Santa Barbara,80.42,86
17479,Trinidad,1436,Santa Barbara,206.03,218
17480,Alianza,1437,Valle,196.42,202
17481,Amapala,1437,Valle,33.89,42
17482,Aramecina,1437,Valle,94.56,102
17483,Caridad,1437,Valle,42.9,44
17484,Goascoran,1437,Valle,184.0,194
17485,Langue,1437,Valle,133.92,140
17486,Nacaome,1437,Valle,649.05,677
17487,San Francisco De Coray,1437,Valle,89.73,95
17488,San Lorenzo,1437,Valle,172.8,178
17489,Arenal,1438,Yoro,187.74,195
17490,El Negrito,1438,Yoro,498.89,530
17491,El Progreso,1438,Yoro,548.89,581
17492,Jocon,1438,Yoro,373.13,391
17493,Morazan,1438,Yoro,507.2,532
17494,Olanchito,1438,Yoro,2144.28,2276
17495,Santa Rita,1438,Yoro,118.02,120
17496,Sulaco,1438,Yoro,233.14,245
17497,Victoria,1438,Yoro,722.52,761
17498,Yorito,1438,Yoro,200.87,210
17499,Yoro,1438,Yoro,2253.26,2384
